{"974a19fb-aaa0-46f6-a8be-af18c313c2b2": {"found_eggs": ["Bakula", "egg2", "3adhna", "egg3", "egg1", "mein Heimatland"], "timestamp": 1747330225.075031}, "065f8bc0-1dc3-4a30-902f-e5960987b933": {"found_eggs": ["egg1", "haus"], "timestamp": 1747832968.3913522}, "1535c5a0-b1e3-4223-960f-d98b7cb62466": {"found_eggs": ["3adhna"], "timestamp": 1747833016.0870101}}